Zip,Date,MedianValue,Type
21013,2000-01-01,259365.99090234743,Historical
21013,2001-01-01,274204.12334519083,Historical
21013,2002-01-01,299152.3196477161,Historical
21013,2003-01-01,336760.7046053674,Historical
21013,2004-01-01,384111.8227485663,Historical
21013,2005-01-01,455377.0160609275,Historical
21013,2006-01-01,512238.7113769989,Historical
21013,2007-01-01,514980.84978666983,Historical
21013,2008-01-01,476660.0171236253,Historical
21013,2009-01-01,433337.01055633987,Historical
21013,2010-01-01,423333.26497162855,Historical
21013,2011-01-01,395706.14190140663,Historical
21013,2012-01-01,400517.53052060754,Historical
21013,2013-01-01,412445.60899138433,Historical
21013,2014-01-01,426181.9325862354,Historical
21013,2015-01-01,432031.6981077385,Historical
21013,2016-01-01,440721.2850617748,Historical
21013,2017-01-01,448780.094140982,Historical
21013,2018-01-01,461475.5598391092,Historical
21013,2019-01-01,468585.7713648147,Historical
21013,2020-01-01,479833.5390474277,Historical
21013,2021-01-01,547549.1695122921,Historical
21013,2022-01-01,587109.8376275226,Historical
21013,2023-01-01,604753.0307532393,Historical
21013,2024-01-01,626994.4825248951,Historical
21013,2025-01-01,639546.8138217287,Historical
21013,2026-12-31,603974.3204803253,Forecast
21013,2027-12-31,614477.1380671317,Forecast
21013,2028-12-31,625008.7304966418,Forecast
21013,2029-12-31,635511.5480834483,Forecast
21030,2000-01-01,198335.46012265753,Historical
21030,2001-01-01,211858.12411224842,Historical
21030,2002-01-01,231698.13673055376,Historical
21030,2003-01-01,255648.21445220307,Historical
21030,2004-01-01,294808.99877381476,Historical
21030,2005-01-01,349585.6603493637,Historical
21030,2006-01-01,390710.9149574037,Historical
21030,2007-01-01,388369.0320255452,Historical
21030,2008-01-01,378032.461285468,Historical
21030,2009-01-01,347289.64991207444,Historical
21030,2010-01-01,337604.9572315577,Historical
21030,2011-01-01,316899.0618486925,Historical
21030,2012-01-01,314450.2290730441,Historical
21030,2013-01-01,333589.9950556437,Historical
21030,2014-01-01,349432.21088835585,Historical
21030,2015-01-01,351460.4154302997,Historical
21030,2016-01-01,353625.66958300263,Historical
21030,2017-01-01,348821.2535527083,Historical
21030,2018-01-01,353759.3972386166,Historical
21030,2019-01-01,358002.08653876407,Historical
21030,2020-01-01,363537.23536054825,Historical
21030,2021-01-01,404685.5877581589,Historical
21030,2022-01-01,429972.84710271587,Historical
21030,2023-01-01,439895.67700680654,Historical
21030,2024-01-01,449839.30335322313,Historical
21030,2025-01-01,456914.9800466974,Historical
21030,2026-12-31,449046.6734709434,Forecast
21030,2027-12-31,456123.98258138995,Forecast
21030,2028-12-31,463220.68157981033,Forecast
21030,2029-12-31,470297.9906902569,Forecast
21051,2000-01-01,,Historical
21051,2001-01-01,,Historical
21051,2002-01-01,,Historical
21051,2003-01-01,,Historical
21051,2004-01-01,,Historical
21051,2005-01-01,,Historical
21051,2006-01-01,,Historical
21051,2007-01-01,,Historical
21051,2008-01-01,,Historical
21051,2009-01-01,,Historical
21051,2010-01-01,,Historical
21051,2011-01-01,,Historical
21051,2012-01-01,,Historical
21051,2013-01-01,,Historical
21051,2014-01-01,,Historical
21051,2015-01-01,,Historical
21051,2016-01-01,,Historical
21051,2017-01-01,,Historical
21051,2018-01-01,,Historical
21051,2019-01-01,,Historical
21051,2020-01-01,,Historical
21051,2021-01-01,,Historical
21051,2022-01-01,511865.6715204282,Historical
21051,2023-01-01,517511.0971536888,Historical
21051,2024-01-01,530628.4402811073,Historical
21051,2025-01-01,547390.9728528002,Historical
21051,2026-12-31,580778.6395353498,Forecast
21051,2027-12-31,597495.3728069143,Forecast
21051,2028-12-31,614257.905347716,Forecast
21051,2029-12-31,630974.6386192804,Forecast
21052,2000-01-01,,Historical
21052,2001-01-01,,Historical
21052,2002-01-01,,Historical
21052,2003-01-01,,Historical
21052,2004-01-01,,Historical
21052,2005-01-01,,Historical
21052,2006-01-01,,Historical
21052,2007-01-01,,Historical
21052,2008-01-01,,Historical
21052,2009-01-01,,Historical
21052,2010-01-01,,Historical
21052,2011-01-01,,Historical
21052,2012-01-01,,Historical
21052,2013-01-01,,Historical
21052,2014-01-01,,Historical
21052,2015-01-01,,Historical
21052,2016-01-01,,Historical
21052,2017-01-01,,Historical
21052,2018-01-01,,Historical
21052,2019-01-01,,Historical
21052,2020-01-01,,Historical
21052,2021-01-01,,Historical
21052,2022-01-01,317297.6674027438,Historical
21052,2023-01-01,326072.5626625507,Historical
21052,2024-01-01,332101.75209125737,Historical
21052,2025-01-01,347097.74684489984,Historical
21052,2026-12-31,376966.8173333153,Forecast
21052,2027-12-31,391921.83943139436,Forecast
21052,2028-12-31,406917.83419275575,Forecast
21052,2029-12-31,421872.8562908348,Forecast
21053,2000-01-01,198449.73456824693,Historical
21053,2001-01-01,208285.67175682864,Historical
21053,2002-01-01,238904.24003717746,Historical
21053,2003-01-01,266995.1734802977,Historical
21053,2004-01-01,302758.06047785573,Historical
21053,2005-01-01,358948.211839975,Historical
21053,2006-01-01,412184.10754615575,Historical
21053,2007-01-01,419600.0508146613,Historical
21053,2008-01-01,401060.03435050347,Historical
21053,2009-01-01,374452.31802042853,Historical
21053,2010-01-01,367776.38638703746,Historical
21053,2011-01-01,331627.36008468934,Historical
21053,2012-01-01,337383.5451733942,Historical
21053,2013-01-01,354018.35569137515,Historical
21053,2014-01-01,363759.48818287626,Historical
21053,2015-01-01,377237.56678999175,Historical
21053,2016-01-01,381703.5022465815,Historical
21053,2017-01-01,394444.24743340665,Historical
21053,2018-01-01,403025.8864631491,Historical
21053,2019-01-01,414007.14222995297,Historical
21053,2020-01-01,422398.42124660534,Historical
21053,2021-01-01,490095.46895430796,Historical
21053,2022-01-01,512881.4851545653,Historical
21053,2023-01-01,525113.0801662442,Historical
21053,2024-01-01,542415.8307178153,Historical
21053,2025-01-01,551555.7744733109,Historical
21053,2026-12-31,537889.4284807558,Forecast
21053,2027-12-31,548586.7164786772,Forecast
21053,2028-12-31,559313.3121149492,Forecast
21053,2029-12-31,570010.6001128706,Forecast
21057,2000-01-01,255605.10783183636,Historical
21057,2001-01-01,274858.1834088663,Historical
21057,2002-01-01,295951.4666608782,Historical
21057,2003-01-01,341980.5243071463,Historical
21057,2004-01-01,391796.4945807484,Historical
21057,2005-01-01,458767.95023236796,Historical
21057,2006-01-01,517371.3486404532,Historical
21057,2007-01-01,519936.6983070447,Historical
21057,2008-01-01,475809.6902216713,Historical
21057,2009-01-01,431914.5586286453,Historical
21057,2010-01-01,419639.1555235787,Historical
21057,2011-01-01,394896.30584591127,Historical
21057,2012-01-01,395639.09290014347,Historical
21057,2013-01-01,400400.49729103455,Historical
21057,2014-01-01,423301.1791395149,Historical
21057,2015-01-01,430264.48859011155,Historical
21057,2016-01-01,437629.43334258103,Historical
21057,2017-01-01,448425.74417243665,Historical
21057,2018-01-01,457622.09736302355,Historical
21057,2019-01-01,467579.9152737784,Historical
21057,2020-01-01,479345.982060685,Historical
21057,2021-01-01,543401.58016523,Historical
21057,2022-01-01,577145.2305099509,Historical
21057,2023-01-01,596455.9882130895,Historical
21057,2024-01-01,615412.0709290502,Historical
21057,2025-01-01,629236.6147236518,Historical
21057,2026-12-31,595000.3589954873,Forecast
21057,2027-12-31,605049.7167621657,Forecast
21057,2028-12-31,615126.607015876,Forecast
21057,2029-12-31,625175.9647825542,Forecast
21071,2000-01-01,,Historical
21071,2001-01-01,,Historical
21071,2002-01-01,,Historical
21071,2003-01-01,,Historical
21071,2004-01-01,,Historical
21071,2005-01-01,,Historical
21071,2006-01-01,,Historical
21071,2007-01-01,,Historical
21071,2008-01-01,,Historical
21071,2009-01-01,,Historical
21071,2010-01-01,,Historical
21071,2011-01-01,,Historical
21071,2012-01-01,,Historical
21071,2013-01-01,,Historical
21071,2014-01-01,,Historical
21071,2015-01-01,,Historical
21071,2016-01-01,,Historical
21071,2017-01-01,,Historical
21071,2018-01-01,,Historical
21071,2019-01-01,,Historical
21071,2020-01-01,,Historical
21071,2021-01-01,,Historical
21071,2022-01-01,464419.532461669,Historical
21071,2023-01-01,482528.1520365804,Historical
21071,2024-01-01,495090.7467113993,Historical
21071,2025-01-01,498888.00000950735,Historical
21071,2026-12-31,506451.37975334,Forecast
21071,2027-12-31,510238.2574209148,Forecast
21071,2028-12-31,514035.5100957979,Forecast
21071,2029-12-31,517822.3877633727,Forecast
21082,2000-01-01,245131.13168366565,Historical
21082,2001-01-01,262635.9827284874,Historical
21082,2002-01-01,279203.82572162664,Historical
21082,2003-01-01,319086.1614293199,Historical
21082,2004-01-01,379683.3840438154,Historical
21082,2005-01-01,437784.40273360873,Historical
21082,2006-01-01,491437.68338780804,Historical
21082,2007-01-01,503246.66950919345,Historical
21082,2008-01-01,465543.2556472528,Historical
21082,2009-01-01,414536.13981535,Historical
21082,2010-01-01,401906.3010271611,Historical
21082,2011-01-01,379260.33938092017,Historical
21082,2012-01-01,376040.4526896251,Historical
21082,2013-01-01,391567.59693080373,Historical
21082,2014-01-01,408872.10401861777,Historical
21082,2015-01-01,420353.4048658422,Historical
21082,2016-01-01,431068.9015191408,Historical
21082,2017-01-01,436113.90011506807,Historical
21082,2018-01-01,437233.1884622849,Historical
21082,2019-01-01,441177.2815073218,Historical
21082,2020-01-01,452214.1338075032,Historical
21082,2021-01-01,509369.65160464164,Historical
21082,2022-01-01,530678.1762930128,Historical
21082,2023-01-01,536957.9101188305,Historical
21082,2024-01-01,547999.5319073838,Historical
21082,2025-01-01,559931.9389091603,Historical
21082,2026-12-31,551227.7666953749,Forecast
21082,2027-12-31,559881.8329447577,Forecast
21082,2028-12-31,568559.6089646867,Forecast
21082,2029-12-31,577213.6752140695,Forecast
21087,2000-01-01,227209.46479242638,Historical
21087,2001-01-01,243067.46178501123,Historical
21087,2002-01-01,254841.38728961602,Historical
21087,2003-01-01,294755.2077332277,Historical
21087,2004-01-01,347305.8163532532,Historical
21087,2005-01-01,405518.95246707625,Historical
21087,2006-01-01,454991.07290236105,Historical
21087,2007-01-01,456018.0943376516,Historical
21087,2008-01-01,429482.7063154832,Historical
21087,2009-01-01,390128.9327863398,Historical
21087,2010-01-01,376057.1663457262,Historical
21087,2011-01-01,357508.09779014473,Historical
21087,2012-01-01,345927.70307335036,Historical
21087,2013-01-01,355727.51063911314,Historical
21087,2014-01-01,368367.2986228445,Historical
21087,2015-01-01,375204.1965959546,Historical
21087,2016-01-01,380924.72152140667,Historical
21087,2017-01-01,387243.6726738297,Historical
21087,2018-01-01,393857.77085883496,Historical
21087,2019-01-01,405026.79996327386,Historical
21087,2020-01-01,413586.78119964,Historical
21087,2021-01-01,466382.3951599428,Historical
21087,2022-01-01,494207.6062386383,Historical
21087,2023-01-01,510514.0093777387,Historical
21087,2024-01-01,520152.3630749589,Historical
21087,2025-01-01,531142.7528845537,Historical
21087,2026-12-31,508384.77095882373,Forecast
21087,2027-12-31,516425.7647451682,Forecast
21087,2028-12-31,524488.7886514753,Forecast
21087,2029-12-31,532529.7824378199,Forecast
21093,2000-01-01,197452.42896650248,Historical
21093,2001-01-01,207516.6099419647,Historical
21093,2002-01-01,228303.40845627565,Historical
21093,2003-01-01,256323.98637204996,Historical
21093,2004-01-01,298026.76119313505,Historical
21093,2005-01-01,353891.8744971653,Historical
21093,2006-01-01,394880.1700465114,Historical
21093,2007-01-01,393942.0489463939,Historical
21093,2008-01-01,380169.00961915107,Historical
21093,2009-01-01,350104.99418745073,Historical
21093,2010-01-01,339234.7709821715,Historical
21093,2011-01-01,320175.05869332544,Historical
21093,2012-01-01,317364.57587261975,Historical
21093,2013-01-01,336515.4256494161,Historical
21093,2014-01-01,353638.03667723306,Historical
21093,2015-01-01,355778.2152331405,Historical
21093,2016-01-01,365331.5083027268,Historical
21093,2017-01-01,377714.3296512559,Historical
21093,2018-01-01,386609.72894750186,Historical
21093,2019-01-01,388724.2666813958,Historical
21093,2020-01-01,394665.66197208606,Historical
21093,2021-01-01,435731.10206634155,Historical
21093,2022-01-01,460487.676677604,Historical
21093,2023-01-01,471913.6444859825,Historical
21093,2024-01-01,483371.0326714983,Historical
21093,2025-01-01,495433.2421012607,Historical
21093,2026-12-31,487468.01001067687,Forecast
21093,2027-12-31,496309.11946216295,Forecast
21093,2028-12-31,505174.45113132446,Forecast
21093,2029-12-31,514015.5605828105,Forecast
21111,2000-01-01,267363.8354252176,Historical
21111,2001-01-01,282872.7845106784,Historical
21111,2002-01-01,315072.997741589,Historical
21111,2003-01-01,351926.11969240266,Historical
21111,2004-01-01,410020.6767935898,Historical
21111,2005-01-01,486730.4025996897,Historical
21111,2006-01-01,542648.8210391372,Historical
21111,2007-01-01,541428.2202258572,Historical
21111,2008-01-01,520264.53953603434,Historical
21111,2009-01-01,470703.7477859786,Historical
21111,2010-01-01,456238.7726336287,Historical
21111,2011-01-01,430629.76252246456,Historical
21111,2012-01-01,430157.49152736476,Historical
21111,2013-01-01,454427.07771506126,Historical
21111,2014-01-01,475011.14638925454,Historical
21111,2015-01-01,483321.34647518565,Historical
21111,2016-01-01,488843.64963320474,Historical
21111,2017-01-01,498317.24050322094,Historical
21111,2018-01-01,515742.5119389578,Historical
21111,2019-01-01,520218.37820985477,Historical
21111,2020-01-01,532717.9143567088,Historical
21111,2021-01-01,614163.4290362226,Historical
21111,2022-01-01,651995.2966412499,Historical
21111,2023-01-01,664833.2083344405,Historical
21111,2024-01-01,692280.0998785291,Historical
21111,2025-01-01,702885.3125764367,Historical
21111,2026-12-31,676548.9824526606,Forecast
21111,2027-12-31,689248.1968642296,Forecast
21111,2028-12-31,701982.2036440495,Forecast
21111,2029-12-31,714681.4180556185,Forecast
21117,2000-01-01,164020.2690532984,Historical
21117,2001-01-01,169853.65302504727,Historical
21117,2002-01-01,183030.06351291382,Historical
21117,2003-01-01,202096.9501913538,Historical
21117,2004-01-01,235010.57338337792,Historical
21117,2005-01-01,285241.5159363472,Historical
21117,2006-01-01,326363.618882826,Historical
21117,2007-01-01,331016.0952581214,Historical
21117,2008-01-01,315885.58928805124,Historical
21117,2009-01-01,281525.2491729066,Historical
21117,2010-01-01,268940.49543728615,Historical
21117,2011-01-01,242021.09558934974,Historical
21117,2012-01-01,234429.07735153596,Historical
21117,2013-01-01,244181.075124953,Historical
21117,2014-01-01,251494.25219571346,Historical
21117,2015-01-01,253894.68959328136,Historical
21117,2016-01-01,258533.07678279205,Historical
21117,2017-01-01,266183.5909600231,Historical
21117,2018-01-01,271486.6068896734,Historical
21117,2019-01-01,279156.88007315656,Historical
21117,2020-01-01,288106.52028442395,Historical
21117,2021-01-01,326620.4663855078,Historical
21117,2022-01-01,360906.188244177,Historical
21117,2023-01-01,367270.6063566886,Historical
21117,2024-01-01,377391.2681971018,Historical
21117,2025-01-01,382688.1739182704,Historical
21117,2026-12-31,358701.5496388384,Forecast
21117,2027-12-31,364427.533264549,Forecast
21117,2028-12-31,370169.2045166314,Forecast
21117,2029-12-31,375895.18814234197,Forecast
21120,2000-01-01,233382.80209382315,Historical
21120,2001-01-01,242684.7894009971,Historical
21120,2002-01-01,270359.40285184665,Historical
21120,2003-01-01,302351.59155074466,Historical
21120,2004-01-01,354243.26712317206,Historical
21120,2005-01-01,420446.81729402766,Historical
21120,2006-01-01,478640.1166959269,Historical
21120,2007-01-01,480155.63228451554,Historical
21120,2008-01-01,458225.290439993,Historical
21120,2009-01-01,419998.10628421395,Historical
21120,2010-01-01,419266.46410341776,Historical
21120,2011-01-01,379059.9311852171,Historical
21120,2012-01-01,374022.94638856454,Historical
21120,2013-01-01,397686.49926654703,Historical
21120,2014-01-01,416560.6433386066,Historical
21120,2015-01-01,424501.8826090755,Historical
21120,2016-01-01,434947.4133698784,Historical
21120,2017-01-01,441616.6859049121,Historical
21120,2018-01-01,452315.8114513041,Historical
21120,2019-01-01,463917.4086779812,Historical
21120,2020-01-01,472552.8045604796,Historical
21120,2021-01-01,543632.0358226681,Historical
21120,2022-01-01,571583.4726184377,Historical
21120,2023-01-01,587209.8951538736,Historical
21120,2024-01-01,618719.5326849245,Historical
21120,2025-01-01,630679.7795006437,Historical
21120,2026-12-31,602624.3956968419,Forecast
21120,2027-12-31,614235.6942377766,Forecast
21120,2028-12-31,625878.8045555357,Forecast
21120,2029-12-31,637490.1030964702,Forecast
21128,2000-01-01,189725.5109791282,Historical
21128,2001-01-01,198378.0787320407,Historical
21128,2002-01-01,212760.5055282385,Historical
21128,2003-01-01,239953.52885452926,Historical
21128,2004-01-01,282245.94098179677,Historical
21128,2005-01-01,338578.3474004478,Historical
21128,2006-01-01,389089.1308138387,Historical
21128,2007-01-01,390109.82275872777,Historical
21128,2008-01-01,372360.199691579,Historical
21128,2009-01-01,334490.12927725253,Historical
21128,2010-01-01,320590.4263359399,Historical
21128,2011-01-01,299137.2502171325,Historical
21128,2012-01-01,294789.5213431984,Historical
21128,2013-01-01,307214.6117966202,Historical
21128,2014-01-01,318414.1440360871,Historical
21128,2015-01-01,321810.2723626271,Historical
21128,2016-01-01,327323.2957114879,Historical
21128,2017-01-01,329733.209506693,Historical
21128,2018-01-01,336921.60749689594,Historical
21128,2019-01-01,342338.43275179924,Historical
21128,2020-01-01,351171.79081881477,Historical
21128,2021-01-01,387338.11748189887,Historical
21128,2022-01-01,413341.7480225152,Historical
21128,2023-01-01,424024.7078391459,Historical
21128,2024-01-01,432459.1123837738,Historical
21128,2025-01-01,435713.33267486095,Historical
21128,2026-12-31,428410.60917009343,Forecast
21128,2027-12-31,435155.2568786145,Forecast
21128,2028-12-31,441918.38307400816,Forecast
21128,2029-12-31,448663.0307825293,Forecast
21131,2000-01-01,309854.4041838534,Historical
21131,2001-01-01,327863.94244593696,Historical
21131,2002-01-01,360625.0297943895,Historical
21131,2003-01-01,394573.93400487443,Historical
21131,2004-01-01,450485.245989033,Historical
21131,2005-01-01,535469.4470884072,Historical
21131,2006-01-01,603606.6804504263,Historical
21131,2007-01-01,599692.2228984956,Historical
21131,2008-01-01,567580.8337279479,Historical
21131,2009-01-01,515992.5605666607,Historical
21131,2010-01-01,493361.03378417174,Historical
21131,2011-01-01,469449.4562222145,Historical
21131,2012-01-01,454252.8301754951,Historical
21131,2013-01-01,469898.7026581126,Historical
21131,2014-01-01,492463.492282986,Historical
21131,2015-01-01,497672.1975852159,Historical
21131,2016-01-01,504216.17819114926,Historical
21131,2017-01-01,511118.37006593664,Historical
21131,2018-01-01,525139.2369844695,Historical
21131,2019-01-01,533994.5034170456,Historical
21131,2020-01-01,540112.0365022335,Historical
21131,2021-01-01,618642.9793836784,Historical
21131,2022-01-01,664385.2626294959,Historical
21131,2023-01-01,684087.6273137573,Historical
21131,2024-01-01,716391.4530271747,Historical
21131,2025-01-01,736674.9079282755,Historical
21131,2026-12-31,682012.6129978362,Forecast
21131,2027-12-31,693028.4006257968,Forecast
21131,2028-12-31,704074.3684938339,Forecast
21131,2029-12-31,715090.1561217943,Forecast
21133,2000-01-01,136401.49817137263,Historical
21133,2001-01-01,142188.81612813205,Historical
21133,2002-01-01,153353.02818840079,Historical
21133,2003-01-01,168533.4377728291,Historical
21133,2004-01-01,194846.56303048122,Historical
21133,2005-01-01,236061.72232359427,Historical
21133,2006-01-01,278927.5231323525,Historical
21133,2007-01-01,294081.6973251528,Historical
21133,2008-01-01,282032.54973589565,Historical
21133,2009-01-01,247716.51048380346,Historical
21133,2010-01-01,228502.0328290313,Historical
21133,2011-01-01,203577.45388191968,Historical
21133,2012-01-01,195146.50065012585,Historical
21133,2013-01-01,202311.10056003436,Historical
21133,2014-01-01,207205.28615630185,Historical
21133,2015-01-01,212431.9716797641,Historical
21133,2016-01-01,224455.06190382168,Historical
21133,2017-01-01,235491.43539724516,Historical
21133,2018-01-01,247096.33347290882,Historical
21133,2019-01-01,262353.2034045185,Historical
21133,2020-01-01,274170.9258956623,Historical
21133,2021-01-01,315845.51192847104,Historical
21133,2022-01-01,339333.65663583874,Historical
21133,2023-01-01,343007.8685443911,Historical
21133,2024-01-01,349651.9248574169,Historical
21133,2025-01-01,358256.3626557922,Historical
21133,2026-12-31,336672.89083459607,Forecast
21133,2027-12-31,343092.0729729885,Forecast
21133,2028-12-31,349528.84191176004,Forecast
21133,2029-12-31,355948.02405015245,Forecast
21136,2000-01-01,163641.67068651353,Historical
21136,2001-01-01,169978.6470387532,Historical
21136,2002-01-01,184994.9552378258,Historical
21136,2003-01-01,203752.78647011908,Historical
21136,2004-01-01,237970.95368189702,Historical
21136,2005-01-01,291644.2294946744,Historical
21136,2006-01-01,332243.2572636629,Historical
21136,2007-01-01,342493.51308326586,Historical
21136,2008-01-01,328460.7504544131,Historical
21136,2009-01-01,292583.5482062611,Historical
21136,2010-01-01,277483.97767663334,Historical
21136,2011-01-01,254454.80468210496,Historical
21136,2012-01-01,248718.2181503125,Historical
21136,2013-01-01,259667.13692380834,Historical
21136,2014-01-01,266031.2862988919,Historical
21136,2015-01-01,268343.30927292944,Historical
21136,2016-01-01,272799.162921858,Historical
21136,2017-01-01,280285.071428613,Historical
21136,2018-01-01,287640.0139197041,Historical
21136,2019-01-01,296220.41331040114,Historical
21136,2020-01-01,306578.55776866456,Historical
21136,2021-01-01,348230.9184545598,Historical
21136,2022-01-01,375697.18103960657,Historical
21136,2023-01-01,386713.2816324858,Historical
21136,2024-01-01,396047.7551715743,Historical
21136,2025-01-01,402923.0534832286,Historical
21136,2026-12-31,382207.18310610915,Forecast
21136,2027-12-31,388731.09866783145,Forecast
21136,2028-12-31,395272.88797081873,Forecast
21136,2029-12-31,401796.80353254103,Forecast
21152,2000-01-01,203167.24585422146,Historical
21152,2001-01-01,212322.58510628913,Historical
21152,2002-01-01,234541.2950653265,Historical
21152,2003-01-01,257798.1420333148,Historical
21152,2004-01-01,303504.28727709455,Historical
21152,2005-01-01,357773.4467139635,Historical
21152,2006-01-01,397148.4318837866,Historical
21152,2007-01-01,396524.03001444496,Historical
21152,2008-01-01,387828.38350830355,Historical
21152,2009-01-01,352757.3014822796,Historical
21152,2010-01-01,344543.0195689712,Historical
21152,2011-01-01,330122.5737364617,Historical
21152,2012-01-01,322322.3244165565,Historical
21152,2013-01-01,340868.1808064944,Historical
21152,2014-01-01,360357.98368200805,Historical
21152,2015-01-01,364947.95531652845,Historical
21152,2016-01-01,367065.82925881364,Historical
21152,2017-01-01,374042.45285674755,Historical
21152,2018-01-01,379890.9792858866,Historical
21152,2019-01-01,387298.75009651715,Historical
21152,2020-01-01,395834.939683611,Historical
21152,2021-01-01,445290.47360686935,Historical
21152,2022-01-01,471765.22472828033,Historical
21152,2023-01-01,479631.33098796743,Historical
21152,2024-01-01,500105.45026171603,Historical
21152,2025-01-01,509424.27536239184,Historical
21152,2026-12-31,495075.663678779,Forecast
21152,2027-12-31,504077.83685112407,Forecast
21152,2028-12-31,513104.67351161246,Forecast
21152,2029-12-31,522106.8466839576,Forecast
21153,2000-01-01,438975.75848118553,Historical
21153,2001-01-01,464725.6090201617,Historical
21153,2002-01-01,505880.4361552414,Historical
21153,2003-01-01,562876.197635667,Historical
21153,2004-01-01,640282.3332964511,Historical
21153,2005-01-01,775673.2666519879,Historical
21153,2006-01-01,869540.590814963,Historical
21153,2007-01-01,879762.2204586176,Historical
21153,2008-01-01,842935.6581108659,Historical
21153,2009-01-01,767183.2854159004,Historical
21153,2010-01-01,722593.0152076432,Historical
21153,2011-01-01,670816.2375554125,Historical
21153,2012-01-01,676196.1048282553,Historical
21153,2013-01-01,714480.15287398,Historical
21153,2014-01-01,746400.9516422782,Historical
21153,2015-01-01,735082.655146143,Historical
21153,2016-01-01,735809.0336253988,Historical
21153,2017-01-01,753747.0143463179,Historical
21153,2018-01-01,773538.9826425856,Historical
21153,2019-01-01,779349.1602559697,Historical
21153,2020-01-01,780830.4248450443,Historical
21153,2021-01-01,901499.5664007573,Historical
21153,2022-01-01,960473.356445065,Historical
21153,2023-01-01,980894.7605322669,Historical
21153,2024-01-01,1031914.7201151145,Historical
21153,2025-01-01,1048794.480876043,Historical
21153,2026-12-31,994438.7549316128,Forecast
21153,2027-12-31,1010599.0805647684,Forecast
21153,2028-12-31,1026803.6810626724,Forecast
21153,2029-12-31,1042964.0066958279,Forecast
21155,2000-01-01,184691.7291928503,Historical
21155,2001-01-01,186853.11577915188,Historical
21155,2002-01-01,210648.1448492289,Historical
21155,2003-01-01,230619.99395504093,Historical
21155,2004-01-01,272995.36135794484,Historical
21155,2005-01-01,339600.012926262,Historical
21155,2006-01-01,383108.1318350397,Historical
21155,2007-01-01,386685.9019220847,Historical
21155,2008-01-01,377266.16049579513,Historical
21155,2009-01-01,347344.32829459745,Historical
21155,2010-01-01,331563.678013644,Historical
21155,2011-01-01,306139.23734180245,Historical
21155,2012-01-01,299410.63262021,Historical
21155,2013-01-01,316758.82957111124,Historical
21155,2014-01-01,327870.15766384697,Historical
21155,2015-01-01,336020.9231275645,Historical
21155,2016-01-01,347114.30873768806,Historical
21155,2017-01-01,355435.7556689426,Historical
21155,2018-01-01,364697.9661856983,Historical
21155,2019-01-01,375720.0462871253,Historical
21155,2020-01-01,385334.9691691573,Historical
21155,2021-01-01,450713.0560661201,Historical
21155,2022-01-01,476599.65752620593,Historical
21155,2023-01-01,489472.5066015209,Historical
21155,2024-01-01,508137.4322980625,Historical
21155,2025-01-01,520830.2729774483,Historical
21155,2026-12-31,497176.7647186121,Forecast
21155,2027-12-31,507293.67285043304,Forecast
21155,2028-12-31,517438.29853877955,Forecast
21155,2029-12-31,527555.2066706003,Forecast
21156,2000-01-01,,Historical
21156,2001-01-01,,Historical
21156,2002-01-01,,Historical
21156,2003-01-01,,Historical
21156,2004-01-01,,Historical
21156,2005-01-01,,Historical
21156,2006-01-01,,Historical
21156,2007-01-01,,Historical
21156,2008-01-01,,Historical
21156,2009-01-01,,Historical
21156,2010-01-01,,Historical
21156,2011-01-01,,Historical
21156,2012-01-01,,Historical
21156,2013-01-01,,Historical
21156,2014-01-01,,Historical
21156,2015-01-01,,Historical
21156,2016-01-01,,Historical
21156,2017-01-01,,Historical
21156,2018-01-01,,Historical
21156,2019-01-01,,Historical
21156,2020-01-01,,Historical
21156,2021-01-01,,Historical
21156,2022-01-01,502948.2312765449,Historical
21156,2023-01-01,509392.7429078944,Historical
21156,2024-01-01,516077.24617880007,Historical
21156,2025-01-01,525104.9552858712,Historical
21156,2026-12-31,543086.3749417033,Forecast
21156,2027-12-31,552089.4181748917,Forecast
21156,2028-12-31,561117.1272799519,Forecast
21156,2029-12-31,570120.1705131404,Forecast
21161,2000-01-01,194618.9409754516,Historical
21161,2001-01-01,207310.1448213314,Historical
21161,2002-01-01,229063.28185753798,Historical
21161,2003-01-01,255162.0452722382,Historical
21161,2004-01-01,292449.1229509009,Historical
21161,2005-01-01,350110.0941426441,Historical
21161,2006-01-01,395816.61754444416,Historical
21161,2007-01-01,400192.9255591702,Historical
21161,2008-01-01,379767.0597583913,Historical
21161,2009-01-01,346103.2444068574,Historical
21161,2010-01-01,338005.7469617155,Historical
21161,2011-01-01,314278.8279601507,Historical
21161,2012-01-01,311098.1759693996,Historical
21161,2013-01-01,324095.22609627096,Historical
21161,2014-01-01,337739.75739662,Historical
21161,2015-01-01,344562.0471250607,Historical
21161,2016-01-01,354481.38622667023,Historical
21161,2017-01-01,362433.7089020279,Historical
21161,2018-01-01,376533.54510006215,Historical
21161,2019-01-01,385419.0934844735,Historical
21161,2020-01-01,400794.4786512754,Historical
21161,2021-01-01,464857.5925360661,Historical
21161,2022-01-01,490715.55155036994,Historical
21161,2023-01-01,509795.72356485575,Historical
21161,2024-01-01,529628.8157144028,Historical
21161,2025-01-01,542731.2381116792,Historical
21161,2026-12-31,510593.4922518652,Forecast
21161,2027-12-31,520768.3776121251,Forecast
21161,2028-12-31,530971.1393706325,Forecast
21161,2029-12-31,541146.0247308924,Forecast
21162,2000-01-01,211353.14814712614,Historical
21162,2001-01-01,218653.01223801047,Historical
21162,2002-01-01,226346.73388874772,Historical
21162,2003-01-01,260852.59438048638,Historical
21162,2004-01-01,306449.0541230993,Historical
21162,2005-01-01,360203.46164401347,Historical
21162,2006-01-01,423592.8961015829,Historical
21162,2007-01-01,429759.1527745418,Historical
21162,2008-01-01,408596.76861135033,Historical
21162,2009-01-01,367272.9700908113,Historical
21162,2010-01-01,349321.8732530188,Historical
21162,2011-01-01,331747.2339571091,Historical
21162,2012-01-01,325589.37994290114,Historical
21162,2013-01-01,331071.04315143905,Historical
21162,2014-01-01,346044.86616229545,Historical
21162,2015-01-01,352514.91932279686,Historical
21162,2016-01-01,357760.9641510664,Historical
21162,2017-01-01,364307.2765152891,Historical
21162,2018-01-01,370684.9217071871,Historical
21162,2019-01-01,382226.79223891516,Historical
21162,2020-01-01,394750.2711527653,Historical
21162,2021-01-01,445672.3156823893,Historical
21162,2022-01-01,487098.23993501987,Historical
21162,2023-01-01,500205.82785247476,Historical
21162,2024-01-01,508490.80485532305,Historical
21162,2025-01-01,521692.33656587056,Historical
21162,2026-12-31,496383.3148671301,Forecast
21162,2027-12-31,505192.4505409758,Forecast
21162,2028-12-31,514025.7208331061,Forecast
21162,2029-12-31,522834.8565069518,Forecast
21204,2000-01-01,209406.56535744562,Historical
21204,2001-01-01,223682.6753495324,Historical
21204,2002-01-01,246461.16649658652,Historical
21204,2003-01-01,275475.0636075721,Historical
21204,2004-01-01,318925.7470115457,Historical
21204,2005-01-01,382534.5319191166,Historical
21204,2006-01-01,427755.5717717651,Historical
21204,2007-01-01,428707.09593523224,Historical
21204,2008-01-01,421905.8892614397,Historical
21204,2009-01-01,397072.2296648107,Historical
21204,2010-01-01,380837.94575455715,Historical
21204,2011-01-01,358819.08013125183,Historical
21204,2012-01-01,363909.7232127931,Historical
21204,2013-01-01,380268.5673196659,Historical
21204,2014-01-01,404288.3012232508,Historical
21204,2015-01-01,415924.80398656934,Historical
21204,2016-01-01,423782.4041079952,Historical
21204,2017-01-01,434259.13469920645,Historical
21204,2018-01-01,443490.654709506,Historical
21204,2019-01-01,448589.73459462216,Historical
21204,2020-01-01,452691.5122052797,Historical
21204,2021-01-01,506048.92906452215,Historical
21204,2022-01-01,534553.6520037274,Historical
21204,2023-01-01,555001.0503942904,Historical
21204,2024-01-01,569289.8361989316,Historical
21204,2025-01-01,581369.0587715238,Historical
21204,2026-12-31,575446.4929251733,Forecast
21204,2027-12-31,587047.2568501704,Forecast
21204,2028-12-31,598679.8036900306,Forecast
21204,2029-12-31,610280.5676150278,Forecast
21207,2000-01-01,96507.007703425,Historical
21207,2001-01-01,98884.2959120422,Historical
21207,2002-01-01,103892.07773742508,Historical
21207,2003-01-01,114291.94872941833,Historical
21207,2004-01-01,130287.57433008243,Historical
21207,2005-01-01,158725.1371582389,Historical
21207,2006-01-01,192142.59317587744,Historical
21207,2007-01-01,209885.0995444964,Historical
21207,2008-01-01,204985.3674400287,Historical
21207,2009-01-01,176388.13872488996,Historical
21207,2010-01-01,168794.10141789052,Historical
21207,2011-01-01,152126.38373227202,Historical
21207,2012-01-01,145319.04675361858,Historical
21207,2013-01-01,150479.85436923252,Historical
21207,2014-01-01,158658.80873210513,Historical
21207,2015-01-01,161590.36086422537,Historical
21207,2016-01-01,165467.68241645032,Historical
21207,2017-01-01,172082.45177193545,Historical
21207,2018-01-01,186400.27545181342,Historical
21207,2019-01-01,201963.15959036813,Historical
21207,2020-01-01,208990.5993357193,Historical
21207,2021-01-01,243411.96827043843,Historical
21207,2022-01-01,258523.57972530622,Historical
21207,2023-01-01,262128.381333402,Historical
21207,2024-01-01,273594.1619157053,Historical
21207,2025-01-01,280933.5999594374,Historical
21207,2026-12-31,263406.382557246,Forecast
21207,2027-12-31,269166.2373141621,Forecast
21207,2028-12-31,274941.87249506975,Forecast
21207,2029-12-31,280701.7272519858,Forecast
21208,2000-01-01,151331.5540221586,Historical
21208,2001-01-01,157782.272950328,Historical
21208,2002-01-01,168732.7165571666,Historical
21208,2003-01-01,186858.64350051078,Historical
21208,2004-01-01,215048.74140389363,Historical
21208,2005-01-01,261281.4715660729,Historical
21208,2006-01-01,308181.11165720155,Historical
21208,2007-01-01,318485.8996154369,Historical
21208,2008-01-01,305709.78069783753,Historical
21208,2009-01-01,270794.52406308963,Historical
21208,2010-01-01,255795.44143541704,Historical
21208,2011-01-01,232374.72377024608,Historical
21208,2012-01-01,216409.6469652583,Historical
21208,2013-01-01,224458.27378833274,Historical
21208,2014-01-01,232909.8694810257,Historical
21208,2015-01-01,238436.76885806356,Historical
21208,2016-01-01,246290.4396432127,Historical
21208,2017-01-01,256299.26516171778,Historical
21208,2018-01-01,263978.3923557338,Historical
21208,2019-01-01,273043.6779385113,Historical
21208,2020-01-01,280803.474196154,Historical
21208,2021-01-01,321628.0679151728,Historical
21208,2022-01-01,348706.9541212947,Historical
21208,2023-01-01,355962.07747328136,Historical
21208,2024-01-01,364905.9844090125,Historical
21208,2025-01-01,366397.2716657935,Historical
21208,2026-12-31,348899.9917742128,Forecast
21208,2027-12-31,354862.9771598862,Forecast
21208,2028-12-31,360842.2994918217,Forecast
21208,2029-12-31,366805.28487749497,Forecast
21209,2000-01-01,144157.8994820065,Historical
21209,2001-01-01,152790.8200804193,Historical
21209,2002-01-01,167119.1926209196,Historical
21209,2003-01-01,192418.6936146026,Historical
21209,2004-01-01,222713.7898464878,Historical
21209,2005-01-01,264798.92169639445,Historical
21209,2006-01-01,304676.3816823589,Historical
21209,2007-01-01,310613.4031472237,Historical
21209,2008-01-01,307029.46125718934,Historical
21209,2009-01-01,279669.65103043185,Historical
21209,2010-01-01,271695.8728930185,Historical
21209,2011-01-01,249523.30319802702,Historical
21209,2012-01-01,247171.268738422,Historical
21209,2013-01-01,266364.4540832088,Historical
21209,2014-01-01,280261.5825740343,Historical
21209,2015-01-01,287862.08613611787,Historical
21209,2016-01-01,295638.1512599843,Historical
21209,2017-01-01,307673.2240479582,Historical
21209,2018-01-01,314860.1445430338,Historical
21209,2019-01-01,320506.94171129836,Historical
21209,2020-01-01,327746.3717440697,Historical
21209,2021-01-01,365078.16581234604,Historical
21209,2022-01-01,398796.9901140978,Historical
21209,2023-01-01,412362.85004347935,Historical
21209,2024-01-01,424447.6252880526,Historical
21209,2025-01-01,434643.01691143925,Historical
21209,2026-12-31,421930.7797235577,Forecast
21209,2027-12-31,430996.3731202357,Forecast
21209,2028-12-31,440086.8037590963,Forecast
21209,2029-12-31,449152.3971557743,Forecast
21219,2000-01-01,144556.3198547717,Historical
21219,2001-01-01,147364.00561326192,Historical
21219,2002-01-01,155135.22221478182,Historical
21219,2003-01-01,174638.12333936413,Historical
21219,2004-01-01,197630.170339284,Historical
21219,2005-01-01,238788.5176932124,Historical
21219,2006-01-01,290826.5439984774,Historical
21219,2007-01-01,308799.52418877976,Historical
21219,2008-01-01,293883.91374878446,Historical
21219,2009-01-01,258062.69551409705,Historical
21219,2010-01-01,248621.261064742,Historical
21219,2011-01-01,226508.7646629598,Historical
21219,2012-01-01,220693.89051493016,Historical
21219,2013-01-01,224015.5254769186,Historical
21219,2014-01-01,232386.95561381787,Historical
21219,2015-01-01,238669.66533549025,Historical
21219,2016-01-01,246077.6738711213,Historical
21219,2017-01-01,253451.26859794467,Historical
21219,2018-01-01,263528.03990186506,Historical
21219,2019-01-01,274615.4556782769,Historical
21219,2020-01-01,285632.9249553948,Historical
21219,2021-01-01,321902.3254809397,Historical
21219,2022-01-01,345250.28872441256,Historical
21219,2023-01-01,356499.325623736,Historical
21219,2024-01-01,362185.16575821966,Historical
21219,2025-01-01,376965.84180045896,Historical
21219,2026-12-31,355501.06719610473,Forecast
21219,2027-12-31,362280.24866620277,Forecast
21219,2028-12-31,369078.00323621894,Forecast
21219,2029-12-31,375857.1847063169,Forecast
21220,2000-01-01,126468.76163204057,Historical
21220,2001-01-01,131095.9054982923,Historical
21220,2002-01-01,136677.32571022626,Historical
21220,2003-01-01,149464.3307993863,Historical
21220,2004-01-01,172051.05561943597,Historical
21220,2005-01-01,204921.16357355128,Historical
21220,2006-01-01,248895.765675715,Historical
21220,2007-01-01,261483.10367220908,Historical
21220,2008-01-01,260021.03474139824,Historical
21220,2009-01-01,235375.55701038265,Historical
21220,2010-01-01,223164.65142502182,Historical
21220,2011-01-01,200698.68176452984,Historical
21220,2012-01-01,195086.6733323998,Historical
21220,2013-01-01,197588.484836263,Historical
21220,2014-01-01,207335.25854898684,Historical
21220,2015-01-01,208466.3410330547,Historical
21220,2016-01-01,213326.62390564056,Historical
21220,2017-01-01,218802.8870121263,Historical
21220,2018-01-01,227842.45052904566,Historical
21220,2019-01-01,240714.66536691316,Historical
21220,2020-01-01,247762.24211630077,Historical
21220,2021-01-01,283244.24146608013,Historical
21220,2022-01-01,303795.5936698372,Historical
21220,2023-01-01,312654.75283100415,Historical
21220,2024-01-01,318281.7604211271,Historical
21220,2025-01-01,325902.0863897027,Historical
21220,2026-12-31,311242.01363045146,Forecast
21220,2027-12-31,317184.3343360262,Forecast
21220,2028-12-31,323142.9353723012,Forecast
21220,2029-12-31,329085.2560778759,Forecast
21221,2000-01-01,120808.38855256274,Historical
21221,2001-01-01,124522.05100983375,Historical
21221,2002-01-01,127747.9763001391,Historical
21221,2003-01-01,141167.39673863552,Historical
21221,2004-01-01,162813.827727344,Historical
21221,2005-01-01,191497.7459928111,Historical
21221,2006-01-01,234903.7128346726,Historical
21221,2007-01-01,245181.05426567688,Historical
21221,2008-01-01,239809.43698269041,Historical
21221,2009-01-01,216450.33589458652,Historical
21221,2010-01-01,206000.61708783847,Historical
21221,2011-01-01,181444.8713677607,Historical
21221,2012-01-01,174342.8043089073,Historical
21221,2013-01-01,174549.6854496273,Historical
21221,2014-01-01,180454.8402072491,Historical
21221,2015-01-01,181437.9228737725,Historical
21221,2016-01-01,185796.32510124956,Historical
21221,2017-01-01,192140.7132692173,Historical
21221,2018-01-01,200001.80151168263,Historical
21221,2019-01-01,211833.15821090346,Historical
21221,2020-01-01,217930.6678224143,Historical
21221,2021-01-01,253524.60662409957,Historical
21221,2022-01-01,269322.0457226804,Historical
21221,2023-01-01,273768.87687502336,Historical
21221,2024-01-01,282354.6523532537,Historical
21221,2025-01-01,288607.3081481864,Historical
21221,2026-12-31,271146.47389348625,Forecast
21221,2027-12-31,275833.82023894787,Forecast
21221,2028-12-31,280534.00862919155,Forecast
21221,2029-12-31,285221.3549746531,Forecast
21222,2000-01-01,97574.41012274384,Historical
21222,2001-01-01,98398.0941131303,Historical
21222,2002-01-01,101623.32241661106,Historical
21222,2003-01-01,108851.86553915014,Historical
21222,2004-01-01,120623.05416602948,Historical
21222,2005-01-01,140225.60669862412,Historical
21222,2006-01-01,174080.31071680383,Historical
21222,2007-01-01,189665.16054037015,Historical
21222,2008-01-01,183142.77244473793,Historical
21222,2009-01-01,165859.90892090433,Historical
21222,2010-01-01,158725.68972169183,Historical
21222,2011-01-01,135421.30033768734,Historical
21222,2012-01-01,129328.8341716742,Historical
21222,2013-01-01,128020.46004886733,Historical
21222,2014-01-01,132173.2887593547,Historical
21222,2015-01-01,134483.15083967027,Historical
21222,2016-01-01,136352.4779898572,Historical
21222,2017-01-01,141405.28154200473,Historical
21222,2018-01-01,151213.8473144094,Historical
21222,2019-01-01,160422.3987330801,Historical
21222,2020-01-01,164698.36976366933,Historical
21222,2021-01-01,188045.56674579656,Historical
21222,2022-01-01,207961.0141401415,Historical
21222,2023-01-01,212182.44210585376,Historical
21222,2024-01-01,222748.70029475418,Historical
21222,2025-01-01,225453.24839912483,Historical
21222,2026-12-31,206039.1135135628,Forecast
21222,2027-12-31,209614.34698396263,Forecast
21222,2028-12-31,213199.37561455535,Forecast
21222,2029-12-31,216774.60908495518,Forecast
21227,2000-01-01,104257.03855368965,Historical
21227,2001-01-01,109079.51122992588,Historical
21227,2002-01-01,116696.80021984216,Historical
21227,2003-01-01,126766.16701687619,Historical
21227,2004-01-01,148110.6786549131,Historical
21227,2005-01-01,186763.66002670335,Historical
21227,2006-01-01,220046.50867374087,Historical
21227,2007-01-01,233186.8052069349,Historical
21227,2008-01-01,228870.93885684782,Historical
21227,2009-01-01,207563.7633177752,Historical
21227,2010-01-01,200467.96481565916,Historical
21227,2011-01-01,180914.0170457912,Historical
21227,2012-01-01,176833.47330385193,Historical
21227,2013-01-01,183312.46900410697,Historical
21227,2014-01-01,187485.7355067918,Historical
21227,2015-01-01,191110.2305109069,Historical
21227,2016-01-01,192794.79202477,Historical
21227,2017-01-01,200986.90330257223,Historical
21227,2018-01-01,208415.86186969455,Historical
21227,2019-01-01,222266.77748995775,Historical
21227,2020-01-01,229918.36823698785,Historical
21227,2021-01-01,254646.56591608195,Historical
21227,2022-01-01,271755.0416510279,Historical
21227,2023-01-01,280207.75721109123,Historical
21227,2024-01-01,289806.940552587,Historical
21227,2025-01-01,299992.1806353676,Historical
21227,2026-12-31,286756.1609032466,Forecast
21227,2027-12-31,292598.94432175753,Forecast
21227,2028-12-31,298457.7353660726,Forecast
21227,2029-12-31,304300.5187845835,Forecast
21228,2000-01-01,145317.03874349242,Historical
21228,2001-01-01,152279.13062914106,Historical
21228,2002-01-01,166963.12739619653,Historical
21228,2003-01-01,190185.96764626185,Historical
21228,2004-01-01,223367.35305202033,Historical
21228,2005-01-01,279722.56464544445,Historical
21228,2006-01-01,324347.22779739124,Historical
21228,2007-01-01,333046.66380680655,Historical
21228,2008-01-01,319819.08967683127,Historical
21228,2009-01-01,287109.87584188266,Historical
21228,2010-01-01,277061.6121774572,Historical
21228,2011-01-01,255535.96885453624,Historical
21228,2012-01-01,256833.57683629057,Historical
21228,2013-01-01,270653.46908056806,Historical
21228,2014-01-01,280142.66128575336,Historical
21228,2015-01-01,284133.40508099843,Historical
21228,2016-01-01,290699.10720608965,Historical
21228,2017-01-01,299580.7514299976,Historical
21228,2018-01-01,308427.7241216729,Historical
21228,2019-01-01,318638.6342461829,Historical
21228,2020-01-01,328575.57636934053,Historical
21228,2021-01-01,364585.03901786415,Historical
21228,2022-01-01,381500.3047834345,Historical
21228,2023-01-01,397341.02471152664,Historical
21228,2024-01-01,410098.11454938265,Historical
21228,2025-01-01,417457.3193504154,Historical
21228,2026-12-31,409829.12834300543,Forecast
21228,2027-12-31,418022.64952231606,Forecast
21228,2028-12-31,426238.61870485777,Forecast
21228,2029-12-31,434432.1398841684,Forecast
21234,2000-01-01,115375.82859400395,Historical
21234,2001-01-01,119530.53566686236,Historical
21234,2002-01-01,127762.50124597264,Historical
21234,2003-01-01,142163.79609459863,Historical
21234,2004-01-01,163253.46929417993,Historical
21234,2005-01-01,195915.01484125195,Historical
21234,2006-01-01,230431.3854577354,Historical
21234,2007-01-01,241439.74627244586,Historical
21234,2008-01-01,233320.88890263188,Historical
21234,2009-01-01,213944.08935262286,Historical
21234,2010-01-01,206897.36760187225,Historical
21234,2011-01-01,190115.7774416539,Historical
21234,2012-01-01,184248.73971700677,Historical
21234,2013-01-01,189778.6815071893,Historical
21234,2014-01-01,195728.69440847193,Historical
21234,2015-01-01,198271.88949195365,Historical
21234,2016-01-01,202769.0383178077,Historical
21234,2017-01-01,206961.54235186754,Historical
21234,2018-01-01,213878.66981076935,Historical
21234,2019-01-01,221820.2977573277,Historical
21234,2020-01-01,226556.85406980914,Historical
21234,2021-01-01,258151.67555618263,Historical
21234,2022-01-01,275266.6452563771,Historical
21234,2023-01-01,280543.48674329976,Historical
21234,2024-01-01,292163.6729004325,Historical
21234,2025-01-01,298379.91378484236,Historical
21234,2026-12-31,286003.24654919386,Forecast
21234,2027-12-31,291335.7961125452,Forecast
21234,2028-12-31,296682.9554007276,Forecast
21234,2029-12-31,302015.50496407895,Forecast
21236,2000-01-01,132602.96731380565,Historical
21236,2001-01-01,137223.42592244514,Historical
21236,2002-01-01,146813.5917598586,Historical
21236,2003-01-01,163428.96758843478,Historical
21236,2004-01-01,192400.71810388518,Historical
21236,2005-01-01,229511.68935292985,Historical
21236,2006-01-01,267945.5056835265,Historical
21236,2007-01-01,274520.1894608556,Historical
21236,2008-01-01,265655.3681743413,Historical
21236,2009-01-01,244957.6501834896,Historical
21236,2010-01-01,238159.4103830405,Historical
21236,2011-01-01,219229.97580473922,Historical
21236,2012-01-01,213090.82549860858,Historical
21236,2013-01-01,219403.39157492985,Historical
21236,2014-01-01,227175.27897286572,Historical
21236,2015-01-01,228617.20938401693,Historical
21236,2016-01-01,235276.47291048814,Historical
21236,2017-01-01,238653.92516102007,Historical
21236,2018-01-01,244904.21672817448,Historical
21236,2019-01-01,251494.67093770386,Historical
21236,2020-01-01,256826.6410252696,Historical
21236,2021-01-01,286761.69680527033,Historical
21236,2022-01-01,305872.72557908617,Historical
21236,2023-01-01,313569.101065892,Historical
21236,2024-01-01,318511.77096111316,Historical
21236,2025-01-01,328144.66132074763,Historical
21236,2026-12-31,318871.6483985523,Forecast
21236,2027-12-31,324473.7460572753,Forecast
21236,2028-12-31,330091.1919287619,Forecast
21236,2029-12-31,335693.2895874849,Forecast
21237,2000-01-01,127092.36458361644,Historical
21237,2001-01-01,130971.5903539852,Historical
21237,2002-01-01,138851.02756851172,Historical
21237,2003-01-01,153273.46094451775,Historical
21237,2004-01-01,177821.73219681892,Historical
21237,2005-01-01,209751.39525435294,Historical
21237,2006-01-01,253466.28918296166,Historical
21237,2007-01-01,261135.9622664156,Historical
21237,2008-01-01,252028.59619336575,Historical
21237,2009-01-01,224997.5941861457,Historical
21237,2010-01-01,216631.9522196442,Historical
21237,2011-01-01,197786.29204665637,Historical
21237,2012-01-01,192641.89197709848,Historical
21237,2013-01-01,192242.1185527696,Historical
21237,2014-01-01,197614.98469639444,Historical
21237,2015-01-01,200008.78610862192,Historical
21237,2016-01-01,204098.06354401878,Historical
21237,2017-01-01,209616.1058717132,Historical
21237,2018-01-01,216498.31007151434,Historical
21237,2019-01-01,229855.10261683684,Historical
21237,2020-01-01,235997.00719747687,Historical
21237,2021-01-01,269847.81147202884,Historical
21237,2022-01-01,290284.7284229854,Historical
21237,2023-01-01,297421.49376703124,Historical
21237,2024-01-01,304836.31589010573,Historical
21237,2025-01-01,312309.06626774604,Historical
21237,2026-12-31,294014.5362207762,Forecast
21237,2027-12-31,299177.67995223665,Forecast
21237,2028-12-31,304354.9692829614,Forecast
21237,2029-12-31,309518.11301442183,Forecast
21244,2000-01-01,119793.12979499756,Historical
21244,2001-01-01,123337.41257579491,Historical
21244,2002-01-01,131510.38371892992,Historical
21244,2003-01-01,144282.46422477398,Historical
21244,2004-01-01,163846.98693597212,Historical
21244,2005-01-01,200686.41034598675,Historical
21244,2006-01-01,240837.92485939251,Historical
21244,2007-01-01,258014.7882271586,Historical
21244,2008-01-01,251326.02689820246,Historical
21244,2009-01-01,218158.10590442707,Historical
21244,2010-01-01,206410.5736512562,Historical
21244,2011-01-01,179555.7752582906,Historical
21244,2012-01-01,175431.53261208098,Historical
21244,2013-01-01,178653.9318184582,Historical
21244,2014-01-01,185091.0065714774,Historical
21244,2015-01-01,189314.97458547028,Historical
21244,2016-01-01,191458.1529202449,Historical
21244,2017-01-01,205350.7222880763,Historical
21244,2018-01-01,216587.10582689062,Historical
21244,2019-01-01,231525.6140563783,Historical
21244,2020-01-01,242500.7807363008,Historical
21244,2021-01-01,278462.9549877307,Historical
21244,2022-01-01,300206.7718729892,Historical
21244,2023-01-01,304206.50883450836,Historical
21244,2024-01-01,311399.845117074,Historical
21244,2025-01-01,317079.32015155395,Historical
21244,2026-12-31,299019.03052338376,Forecast
21244,2027-12-31,304882.2894377911,Forecast
21244,2028-12-31,310761.6120752516,Forecast
21244,2029-12-31,316624.87098965887,Forecast
21286,2000-01-01,170422.8985050124,Historical
21286,2001-01-01,177728.21091477555,Historical
21286,2002-01-01,195105.93211899273,Historical
21286,2003-01-01,221975.13895136357,Historical
21286,2004-01-01,259792.3704806481,Historical
21286,2005-01-01,307354.57665138016,Historical
21286,2006-01-01,350021.9466655646,Historical
21286,2007-01-01,350552.782527469,Historical
21286,2008-01-01,347845.60224414174,Historical
21286,2009-01-01,320214.11667482153,Historical
21286,2010-01-01,309565.4279364945,Historical
21286,2011-01-01,287443.75621547026,Historical
21286,2012-01-01,285769.7898391816,Historical
21286,2013-01-01,294440.1448943687,Historical
21286,2014-01-01,303624.3985302442,Historical
21286,2015-01-01,307737.36114932806,Historical
21286,2016-01-01,314348.4367574065,Historical
21286,2017-01-01,319147.7596833249,Historical
21286,2018-01-01,316970.80459042115,Historical
21286,2019-01-01,317383.6579364495,Historical
21286,2020-01-01,320588.63906818937,Historical
21286,2021-01-01,345575.99713879824,Historical
21286,2022-01-01,362318.2563562433,Historical
21286,2023-01-01,371080.1705313072,Historical
21286,2024-01-01,385832.8571937452,Historical
21286,2025-01-01,391413.9356800847,Historical
21286,2026-12-31,390548.70180614834,Forecast
21286,2027-12-31,396439.21506464214,Forecast
21286,2028-12-31,402345.8667156248,Forecast
21286,2029-12-31,408236.3799741186,Forecast
